{
  "id": "1824659",
  "name": "vue",
  "font_family": "iconfont",
  "css_prefix_text": "icon-",
  "description": "",
  "glyphs": [
    {
      "icon_id": "12008785",
      "name": "车",
      "font_class": "che",
      "unicode": "e671",
      "unicode_decimal": 58993
    },
    {
      "icon_id": "13697454",
      "name": "evaluate",
      "font_class": "evaluate",
      "unicode": "e6c4",
      "unicode_decimal": 59076
    },
    {
      "icon_id": "14582820",
      "name": "setting",
      "font_class": "setting",
      "unicode": "e602",
      "unicode_decimal": 58882
    },
    {
      "icon_id": "198623",
      "name": "Back icon1",
      "font_class": "backicon1",
      "unicode": "e937",
      "unicode_decimal": 59703
    },
    {
      "icon_id": "220311",
      "name": "文件包",
      "font_class": "wenjianbao",
      "unicode": "e6ea",
      "unicode_decimal": 59114
    },
    {
      "icon_id": "248955",
      "name": "baby",
      "font_class": "baby",
      "unicode": "e680",
      "unicode_decimal": 59008
    },
    {
      "icon_id": "292424",
      "name": "人头",
      "font_class": "rentou",
      "unicode": "e64c",
      "unicode_decimal": 58956
    },
    {
      "icon_id": "680963",
      "name": "心",
      "font_class": "xin",
      "unicode": "e711",
      "unicode_decimal": 59153
    },
    {
      "icon_id": "836663",
      "name": "home",
      "font_class": "home",
      "unicode": "e73b",
      "unicode_decimal": 59195
    },
    {
      "icon_id": "845579",
      "name": "圈",
      "font_class": "quan",
      "unicode": "e741",
      "unicode_decimal": 59201
    },
    {
      "icon_id": "852319",
      "name": "购物车",
      "font_class": "gouwuche",
      "unicode": "e670",
      "unicode_decimal": 58992
    },
    {
      "icon_id": "1013823",
      "name": "女孩",
      "font_class": "iconnvhai",
      "unicode": "e78c",
      "unicode_decimal": 59276
    },
    {
      "icon_id": "1036414",
      "name": "hot",
      "font_class": "hot",
      "unicode": "e756",
      "unicode_decimal": 59222
    },
    {
      "icon_id": "1494658",
      "name": "选中",
      "font_class": "xuanzhong",
      "unicode": "e606",
      "unicode_decimal": 58886
    },
    {
      "icon_id": "2284710",
      "name": "airplane_icon",
      "font_class": "airplane_icon",
      "unicode": "e6a3",
      "unicode_decimal": 59043
    },
    {
      "icon_id": "2489816",
      "name": "钱包",
      "font_class": "qianbao",
      "unicode": "e60f",
      "unicode_decimal": 58895
    },
    {
      "icon_id": "4001952",
      "name": "refund",
      "font_class": "fx",
      "unicode": "e618",
      "unicode_decimal": 58904
    },
    {
      "icon_id": "4352725",
      "name": "edit",
      "font_class": "edit",
      "unicode": "e639",
      "unicode_decimal": 58937
    },
    {
      "icon_id": "5044473",
      "name": "盆栽",
      "font_class": "tubiaozhizuomoban-",
      "unicode": "e629",
      "unicode_decimal": 58921
    },
    {
      "icon_id": "5072225",
      "name": "棒棒糖",
      "font_class": "lollipop",
      "unicode": "e66a",
      "unicode_decimal": 58986
    },
    {
      "icon_id": "6948911",
      "name": "消息",
      "font_class": "xiaoxi",
      "unicode": "e6cd",
      "unicode_decimal": 59085
    },
    {
      "icon_id": "7800212",
      "name": "购物车满",
      "font_class": "gouwucheman",
      "unicode": "e600",
      "unicode_decimal": 58880
    },
    {
      "icon_id": "8552485",
      "name": "menu",
      "font_class": "menu",
      "unicode": "e63b",
      "unicode_decimal": 58939
    },
    {
      "icon_id": "9419374",
      "name": "购物车",
      "font_class": "gouwuche1",
      "unicode": "e601",
      "unicode_decimal": 58881
    },
    {
      "icon_id": "9652687",
      "name": "菜单",
      "font_class": "caidan",
      "unicode": "e616",
      "unicode_decimal": 58902
    },
    {
      "icon_id": "10838475",
      "name": "search",
      "font_class": "search",
      "unicode": "e617",
      "unicode_decimal": 58903
    },
    {
      "icon_id": "11488170",
      "name": "store",
      "font_class": "store",
      "unicode": "e76f",
      "unicode_decimal": 59247
    }
  ]
}
